{"frameRate":24,"armature":[{"frameRate":24,"defaultActions":[{"gotoAndPlay":"newAnimation"}],"skin":[{"slot":[{"display":[{"uvs":[1,0.33333,0.97993,0.21329,0.93418,0.11508,0.88076,0.05873,0.77646,0.17599,0.67332,0.29345,0.50121,0.48591,0.40088,0.54206,0.29526,0.50913,0.24697,0.29345,0.11527,0.00675,0,0.07976,0,0.39901,0.02657,0.85198,0.09961,0.96925,0.27304,0.96448,0.39824,0.95516,0.51169,0.98333,0.66158,0.97857,0.75424,0.86607,0.84824,0.66409,0.9538,0.62619,0.98908,0.55575],"bonePose":[0,1,0,0,1,0,0,2,-1,1.2246467991473532e-16,-1.2246467991473532e-16,-1,0,0,1,1,0,0,1,0,0],"triangles":[21,22,0,1,21,0,2,21,1,2,20,21,3,20,2,4,20,3,4,19,20,5,18,19,5,19,4,6,17,18,6,18,5,6,7,17,7,16,17,8,15,16,8,16,7,14,15,8,9,14,8,10,12,9,12,14,9,12,13,14,11,12,10],"slotPose":[0.42668136714443217,0,0,1,0,-29.7],"type":"mesh","width":907,"userEdges":[],"height":252,"transform":{"scX":0.4267,"y":-29.7},"vertices":[453.5,-42,435.3,-72.25,393.8,-97,345.35,-111.2,250.75,-81.65,157.2,-52.05,1.1,-3.55,-89.9,10.6,-185.7,2.3,-229.5,-52.05,-348.95,-124.3,-453.5,-105.9,-453.5,-25.45,-429.4,88.7,-363.15,118.25,-205.85,117.05,-92.3,114.7,10.6,121.8,146.55,120.6,230.6,92.25,315.85,41.35,411.6,31.8,443.6,14.05],"weights":[2,0,0.12,1,0.88,2,0,0.19,1,0.81,2,0,0.26,1,0.74,2,0,0.31,1,0.6900000000000001,2,0,0.33,1,0.67,2,0,0.36,1,0.64,3,0,0.3333111953491235,1,0.3333776093017531,2,0.3333111953491235,3,0,0.11,2,0.63,1,0.26,2,0,0.09,2,0.92,1,2,1,1,2,1,1,2,1,1,2,1,1,2,1,2,0,0.15,2,0.85,2,0,0.33,2,0.68,3,0,0.4,2,0.51,1,0.09,3,0,0.3330655963619504,1,0.33386880727609936,2,0.3330655963619504,2,0,0.4,1,0.6,2,0,0.22,1,0.78,3,0,0.007308934827996205,1,0.9853821303440077,2,0.007308934827996205,3,0,0.004481138507527019,1,0.991037722984946,2,0.004481138507527019,2,0,0.02,1,0.98],"name":"motion4_slime","edges":[1,2,2,3,3,4,4,5,5,6,6,7,7,8,8,9,9,10,10,11,11,12,12,13,13,14,14,15,15,16,16,17,17,18,18,19,19,20,20,21,21,22,0,1,22,0]}],"name":"motion4_slime"},{"display":[{"uvs":[0.99887,0.47522,0.95423,0.27304,0.86127,0.14928,0.65465,0.03246,0.51549,0,0.35535,0.02536,0.24521,0.09261,0.15915,0.18841,0.10761,0.26623,0.01127,0.3229,0,0.42739,0,0.59739,0.0731,0.76203,0.14549,0.85058,0.25239,0.92841,0.32451,0.9671,0.4862,0.99188,0.64789,0.98507,0.77521,0.93913,0.90944,0.83623,0.98183,0.73725,0.99662,0.46522],"bonePose":[0,1,0,0,1,0,0,2,-1,1.2246467991473532e-16,-1.2246467991473532e-16,-1,0,0,1,1,0,0,1,0,0],"triangles":[18,19,0,19,20,0,3,8,21,8,16,21,2,3,21,1,2,21,16,17,21,18,0,21,17,18,21,7,8,3,8,14,16,6,7,3,8,13,14,5,6,4,4,6,3,8,12,13,14,15,16,11,12,8,10,11,8,9,10,8],"slotPose":[1,0,0,1,0,0],"type":"mesh","width":355,"userEdges":[],"height":345,"transform":{},"vertices":[177.1,-8.55,161.25,-78.3,128.25,-121,54.9,-161.3,5.5,-172.5,-51.35,-163.75,-90.45,-140.55,-121,-107.5,-139.3,-80.65,-173.5,-61.1,-177.5,-25.05,-177.5,33.6,-151.55,90.4,-125.85,120.95,-87.9,147.8,-62.3,161.15,-4.9,169.7,52.5,167.35,97.7,151.5,145.35,116,171.05,81.85,176.3,-12],"weights":[1,1,1,2,0,0.16,1,0.84,2,0,0.29,1,0.71,2,0,0.45,1,0.55,3,0,0.33322041680197984,2,0.33322041680197984,1,0.3335591663960403,2,0,0.46,2,0.54,3,0,0.39,2,0.5700000000000001,1,0.04,2,0,0.29,2,0.71,2,0,0.2,2,0.81,2,0,0.09,2,0.91,2,0,0.02,2,0.98,2,0,0.03,2,0.97,2,0,0.2,2,0.8,2,0,0.31,2,0.6900000000000001,2,0,0.42,2,0.58,2,0,0.44,2,0.56,3,0,0.3332407217547028,2,0.3335185564905943,1,0.3332407217547028,2,0,0.45,1,0.55,2,0,0.39,1,0.61,2,0,0.28,1,0.72,2,0,0.16,1,0.84,1,1,1],"name":"motion0_slime","edges":[1,2,2,3,3,4,4,5,5,6,6,7,7,8,8,9,9,10,10,11,11,12,12,13,13,14,14,15,15,16,16,17,17,18,18,19,19,20,0,21,21,1,20,0]}],"name":"motion0_slime"},{"display":[{"uvs":[1,0.48127,0.99594,0.29929,0.85044,-0.00018,0.68242,-0.00018,0.53065,0.07385,0.27668,0.12279,0,0.35035,0,0.61272,0.21511,0.90989,0.32376,0.93852,0.51016,0.9424,0.65362,0.94682,0.78684,0.99187,0.94064,0.94682],"bonePose":[0,1,0,0,1,0,0,2,-1,1.2246467991473532e-16,-1.2246467991473532e-16,-1,0,0,1,1,0,0,1,0,0],"triangles":[11,12,0,3,11,0,1,2,0,2,3,0,12,13,0,4,11,3,4,10,11,5,9,10,5,10,4,7,8,5,6,7,5,5,8,9],"slotPose":[0.6448763250883393,0,0,1,0,0],"type":"mesh","width":566,"userEdges":[],"height":283,"transform":{"scX":0.6449},"vertices":[283,-5.3,280.7,-56.8,198.35,-141.55,103.25,-141.55,17.35,-120.6,-126.4,-106.75,-283,-42.35,-283,31.9,-161.25,116,-99.75,124.1,5.75,125.2,86.95,126.45,162.35,139.2,249.4,126.45],"weights":[2,0,0.01,1,0.99,2,0,0.08,1,0.92,2,0,0.35000000000000003,1,0.65,2,0,0.44,1,0.56,3,0,0.3323797240343637,1,0.33524055193127245,2,0.3323797240343637,2,0,0.38,2,0.63,2,0,0.05,2,0.96,2,0,0.03,2,0.97,2,0,0.35000000000000003,2,0.65,2,0,0.44,2,0.56,3,0,0.33323589935736975,1,0.3335282012852605,2,0.33323589935736975,2,0,0.45,1,0.55,2,0,0.38,1,0.62,2,0,0.28,1,0.72],"name":"motion2_slime","edges":[1,2,2,3,3,4,4,5,5,6,6,7,7,8,8,9,9,10,10,11,11,12,12,13,0,1,13,0]}],"name":"motion2_slime"},{"display":[{"uvs":[0.99459,0.59113,0.91592,0.40375,0.84947,0.27201,0.82771,0,0.71115,0,0.57558,0,0.52187,0,0.39597,0.0541,0.34554,0.11502,0.13439,0.19096,0.02091,0.3227,0,0.43669,0,0.57338,0.03981,0.63686,0.11231,0.80392,0.16592,0.9256,0.30775,0.91536,0.38333,0.87457,0.45584,0.88976,0.49363,0.85939,0.5535,0.87986,0.71709,0.96604,0.83715,0.99642,0.9569,0.91041,0.95626,0.91092],"bonePose":[0,1,0,0,1,0,0,2,-1,1.2246467991473532e-16,-1.2246467991473532e-16,-1,0,0,1,1,0,0,1,0,0],"triangles":[1,21,0,21,22,0,24,23,0,22,24,0,2,20,1,20,21,1,19,20,5,4,5,2,5,20,2,3,4,2,8,19,6,7,8,6,6,19,5,8,17,19,9,14,17,8,9,17,17,18,19,13,14,9,14,16,17,14,15,16,11,13,9,10,11,9,11,12,13],"slotPose":[0.7707006369426752,0,0,1,0,0],"type":"mesh","width":471,"userEdges":[],"height":293,"transform":{"scX":0.7707},"vertices":[232.95,26.7,195.9,-28.2,164.6,-66.8,154.35,-146.5,99.45,-146.5,35.6,-146.5,10.3,-146.5,-49,-130.65,-72.75,-112.8,-172.2,-90.55,-225.65,-51.95,-235.5,-18.55,-235.5,21.5,-216.75,40.1,-182.6,89.05,-157.35,124.7,-90.55,121.7,-54.95,109.75,-20.8,114.2,-3,105.3,25.2,111.3,102.25,136.55,158.8,145.45,215.2,120.25,214.9,120.4],"weights":[2,0,0.03,1,0.97,2,0,0.03,1,0.97,2,0,0.17,1,0.8300000000000001,2,0,0.37,1,0.63,2,0,0.44,1,0.56,2,0,0.49,1,0.51,3,0,0.3330074191277208,2,0.3330074191277208,1,0.3339851617445584,2,0,0.47000000000000003,2,0.53,2,0,0.44,2,0.56,2,0,0.23,2,0.77,2,0,0.07,2,0.93,2,0,0.01,2,0.99,2,0,0.02,2,0.98,2,0,0.05,2,0.9500000000000001,2,0,0.21,2,0.79,2,0,0.32,2,0.68,2,0,0.42,2,0.58,2,0,0.47000000000000003,2,0.53,2,0,0.49,2,0.51,3,0,0.33327977279854243,2,0.3334404544029151,1,0.33327977279854243,2,0,0.49,1,0.51,2,0,0.42,1,0.58,2,0,0.36,1,0.64,2,0,0.25,1,0.75,2,0,0.25,1,0.75],"name":"motion1_slime","edges":[0,1,1,2,2,3,3,4,4,5,5,6,6,7,7,8,8,9,9,10,10,11,11,12,12,13,13,14,14,15,15,16,16,17,17,18,18,19,19,20,20,21,21,22,22,24,24,23,23,0]}],"name":"motion1_slime"},{"display":[{"uvs":[0.95424,0.92922,0.99986,0.68837,0.96102,0.5162,0.76299,0.27936,0.63008,0.15263,0.42316,-0.00014,0.27613,0.00512,0.20268,0.04446,0,0.10512,0,0.33449,0.06893,0.49321,0.21271,0.62756,0.40311,0.63421,0.46328,0.74889,0.51992,0.91274,0.64364,0.9946,0.84732,1],"bonePose":[0,1,0,0,1,0,0,2,-1,1.2246467991473532e-16,-1.2246467991473532e-16,-1,0,0,1,1,0,0,1,0,0],"triangles":[16,0,1,15,16,1,13,15,1,2,13,1,13,14,15,3,12,2,12,13,2,4,12,3,7,10,12,5,7,4,7,12,4,9,10,7,10,11,12,6,7,5,8,9,7],"slotPose":[0.6156614753256584,-0.7880107536067219,0.7880107536067219,0.6156614753256584,0,0],"type":"mesh","width":354,"userEdges":[],"height":361,"transform":{"skX":-52,"skY":-52},"vertices":[160.8,154.95,176.95,68,163.2,5.85,124.2,-55.6,46.05,-125.4,-27.2,-180.55,-79.25,-178.65,-105.25,-164.45,-177,-142.55,-177,-59.75,-152.6,-2.45,-101.7,46.05,-34.3,48.45,-13,89.85,7.05,149,50.85,178.55,122.95,180.5],