{"__type__":"cc.AnimationClip","_name":"tan1","_duration":0.26666666666666666,"curveData":{"props":{"scale":[{"frame":0,"value":{"__type__":"cc.Vec2","x":0.8500000238418579,"y":0.75}},{"frame":0.18333333333333332,"value":{"__type__":"cc.Vec2","x":0.75,"y":0.8500000238418579}},{"frame":0.26666666666666666,"value":{"__type__":"cc.Vec2","x":0.800000011920929,"y":0.800000011920929}}]}}}