{"frameRate":24,"armature":[{"frameRate":24,"defaultActions":[{"gotoAndPlay":"newAnimation"}],"skin":[{"slot":[{"display":[{"triangles":[12,13,16,13,14,15,16,13,15,1,12,0,0,12,16,17,0,16,1,11,12,2,10,1,1,10,11,5,8,2,2,8,9,2,9,10,5,7,8,3,4,2,4,5,2,5,6,7],"bonePose":[0,1,0,0,1,0,0,2,-1,1.2246467991473532e-16,-1.2246467991473532e-16,-1,0,0,1,1,0,0,1,0,0],"slotPose":[1,0,0,1,-1.4765966227514582e-14,9.83935155574045e-15],"type":"mesh","width":413,"userEdges":[],"height":255,"transform":{},"vertices":[134.45,-127.5,1,-127.05,-94.7,-121.75,-174.25,-100.35,-202,-47.3,-202,-1.85,-193.8,66.9,-163.5,87.1,-132.95,99.55,-90.95,117.5,-41.95,123.5,5.2,123.25,86.7,108.9,151.1,89.25,194.85,50.55,204.3,-2.6,194,-58.4,176,-108.15],"weights":[2,1,0.6900000000000001,0,0.31,1,0,1,2,0,0.38,2,0.62,1,2,1,1,2,1,1,2,1,1,2,1,2,0,0.17,2,0.8300000000000001,2,0,0.26,2,0.74,2,0,0.38,2,0.62,2,0,0.47000000000000003,2,0.53,1,0,1,2,0,0.38,1,0.62,2,1,0.8,0,0.2,1,1,1,1,1,1,1,1,1,1,1,1],"name":"motion1_slime","edges":[0,1,1,2,2,3,3,4,4,5,5,6,6,7,7,8,8,9,9,10,10,11,11,12,12,13,13,14,14,15,15,16,16,17,17,0],"uvs":[0.82554,0,0.50242,0.00176,0.2707,0.02255,0.07809,0.10647,0.0109,0.31451,0.0109,0.49275,0.03075,0.76235,0.10412,0.84157,0.17809,0.89039,0.27978,0.96078,0.39843,0.98431,0.51259,0.98333,0.70993,0.92706,0.86586,0.85,0.97179,0.69824,0.99467,0.4898,0.96973,0.27098,0.92615,0.07588]}],"name":"motion1_slime"},{"display":[{"triangles":[23,24,0,1,23,0,22,23,1,2,3,1,3,22,1,3,4,21,4,20,21,3,21,22,4,5,20,5,19,20,5,6,19,6,18,19,7,17,18,7,18,6,7,8,17,8,16,17,15,16,8,9,14,15,9,15,8,13,14,10,12,13,10,10,14,9,11,12,10],"bonePose":[0,1,0,0,1,0,0,2,-1,1.2246467991473532e-16,-1.2246467991473532e-16,-1,0,0,1,1,0,0,1,0,0],"slotPose":[0.508806161745828,0,0,1,0,-2.53],"type":"mesh","width":679,"userEdges":[],"height":196,"transform":{"scX":0.5088,"y":-2.53},"vertices":[337.5,-14.85,301.05,-45.9,295.65,-97.2,209.25,-98,110.7,-82.35,44.55,-66.15,-14.75,-54,-74.15,-44.55,-116,-40.5,-179.45,-45.9,-229.45,-72.9,-339.5,-63.45,-339.5,20.25,-298.3,75.5,-241.6,95.75,-148.4,95.75,-120.05,91.7,-72.8,93.05,-14.75,87.65,54,86.3,148.45,76.85,216,66.05,247.05,56.6,292.95,56.6,334.8,55.25],"weights":[3,0,0.00993807274619511,1,0.9801238545076097,2,0.00993807274619511,2,0,0.08,1,0.92,2,0,0.23,1,0.77,2,0,0.31,1,0.6900000000000001,3,0,0.38,1,0.59,2,0.03,3,0,0.4,1,0.48,2,0.12,3,0,0.33,2,0.35000000000000003,1,0.32,3,0,0.33,2,0.56,1,0.11,2,0,0.25,2,0.75,2,0,0.17,2,0.8300000000000001,2,0,0.23,2,0.77,2,0,0.11,2,0.89,2,0,0.01,2,0.99,2,0,0.16,2,0.84,2,0,0.26,2,0.74,2,0,0.37,2,0.63,2,0,0.4,2,0.6,3,0,0.43,2,0.51,1,0.06,3,0,0.3324718257028662,2,0.3350563485942677,1,0.3324718257028662,3,0,0.4,1,0.47000000000000003,2,0.13,2,0,0.33,1,0.67,2,0,0.2,1,0.8,2,0,0.13,1,0.87,2,0,0.09,1,0.91,2,0,0.07,1,0.93],"name":"motion2_slime_blue","edges":[0,1,1,2,2,3,3,4,4,5,5,6,6,7,7,8,8,9,9,10,10,11,11,12,12,13,13,14,14,15,15,16,16,17,17,18,18,19,19,20,20,21,21,22,22,23,23,24,24,0],"uvs":[0.99705,0.42423,0.94337,0.26582,0.93542,0.00408,0.80817,0,0.66303,0.07985,0.56561,0.1625,0.47828,0.22449,0.3908,0.2727,0.32916,0.29337,0.23571,0.26582,0.16208,0.12806,0,0.17628,0,0.60332,0.06068,0.8852,0.14418,0.98852,0.28144,0.98852,0.3232,0.96786,0.39278,0.97474,0.47828,0.94719,0.57953,0.94031,0.71863,0.89209,0.81811,0.83699,0.86384,0.78878,0.93144,0.78878,0.99308,0.78189]}],"name":"motion3_slime"},{"display":[{"triangles":[27,0,30,26,27,30,0,27,29,27,28,29,1,26,30,4,26,1,3,4,1,2,3,1,4,25,26,5,25,4,5,6,25,6,24,25,7,23,24,7,24,6,22,23,7,8,22,7,8,21,22,9,20,8,8,20,21,18,19,9,9,19,20,10,18,9,13,14,12,12,14,16,12,16,11,11,16,17,17,18,10,11,17,10,14,15,16],"bonePose":[0,1,0,0,1,0,0,2,-1,1.2246467991473532e-16,-1.2246467991473532e-16,-1,0,0,1,1,0,0,1,0,0],"slotPose":[0.6444805194805194,0,0,1,0,-12.25],"type":"mesh","width":614,"userEdges":[],"height":237,"transform":{"scX":0.6445,"y":-12.25},"vertices":[306.65,4.65,262.35,-94.85,221.3,-119.5,158.05,-110.55,110.55,-75.85,64.8,-63.25,22.1,-56.9,-26.85,-55.3,-88.5,-61.55,-143.85,-80.6,-195.9,-91.7,-259.2,-75.85,-290.85,-49,-306.65,-17.4,-308,26.85,-300.3,61.55,-273.35,82.1,-243.4,99.6,-207.05,110.55,-175.35,115.4,-129.6,104.3,-86.95,99.6,-56.9,96.4,-28.45,94.85,12.55,96.4,71.1,96.4,183.25,99.6,233.9,107.5,289.15,109.05,307.95,64.8,306.3,3.85],"weights":[3,0,0.0038181100898613657,1,0.9923637798202775,2,0.0038181100898613657,2,0,0.21,1,0.79,2,0,0.31,1,0.6900000000000001,2,0,0.36,1,0.64,2,0,0.37,1,0.63,2,0,0.42,1,0.58,1,0,1,2,0,0.49,2,0.51,2,0,0.38,2,0.62,2,0,0.33,2,0.67,2,0,0.28,2,0.72,2,0,0.17,2,0.8300000000000001,2,0,0.08,2,0.92,3,0,0.021243458862780753,2,0.9575130822744385,1,0.021243458862780753,3,0,0.005625934858358254,2,0.9887481302832833,1,0.005625934858358254,2,0,0.05,2,0.9500000000000001,2,0,0.12,2,0.88,2,0,0.19,2,0.81,2,0,0.26,2,0.74,2,0,0.31,2,0.6900000000000001,2,0,0.35000000000000003,2,0.65,2,0,0.41000000000000003,2,0.59,2,0,0.45,2,0.55,2,0,0.49,2,0.51,1,0,1,2,0,0.43,1,0.5700000000000001,2,0,0.25,1,0.75,2,0,0.21,1,0.79,2,0,0.17,1,0.8300000000000001,2,0,0.06,1,0.9400000000000001,3,0,0.004039997924817296,1,0.9919200041503655,2,0.004039997924817296],"name":"motion2_slime","edges":[1,2,2,3,3,4,4,5,5,6,6,7,7,8,8,9,9,10,10,11,11,12,12,13,13,14,14,15,15,16,16,17,17,18,18,19,19,20,20,21,21,22,22,23,23,24,24,25,25,26,26,27,27,28,28,29,0,30,30,1,29,0],"uvs":[0.99943,0.51962,0.92727,0.09979,0.86042,-0.00422,0.75741,0.03355,0.68004,0.17996,0.60553,0.23313,0.536,0.25991,0.45627,0.26667,0.35587,0.2403,0.26572,0.15991,0.18094,0.11308,0.07785,0.17996,0.0263,0.29325,0.00057,0.42659,-0.00163,0.61329,0.01091,0.7597,0.05481,0.84641,0.10359,0.92026,0.16278,0.96645,0.21442,0.98692,0.28893,0.94008,0.35839,0.92026,0.40733,0.90675,0.45365,0.90021,0.52043,0.90675,0.6158,0.90675,0.79845,0.92026,0.88095,0.95359,0.97093,0.96013,1.00155,0.77342,0.99886,0.51625]}],"name":"motion2_slime"}],"name":""}],"ik":[],"animation":[{"bone":[{"frame":[{"transform":{},"duration":0,"tweenEasing":null}],"name":"root"},{"frame":[{"transform":{},"duration":0,"tweenEasing":null}],"name":"slimer0"},{"frame":[{"transform":{},"duration":0,"tweenEasing":null}],"name":"slimel0"}],"playTimes":0,"duration":0,"frame":[],"slot":[],"name":"newAnimation","ffd":[]}],"aabb":{"x":-331.2929566110398,"y":-117.96944444444443,"width":679,"height":255},"bone":[{"transform":{},"name":"root"},{"parent":"root","length":188,"transform":{},"name":"slimer0"},{"parent":"root","length":195,"transform":{"skX":180,"skY":180},"name":"slimel0"}],"type":"Armature","slot":[{"name":"motion1_slime","parent":"root"},{"z":1,"name":"motion2_slime","parent":"root"},{"z":2,"name":"motion3_slime","parent":"root"}],"name":"Armature"}],"version":"4.0","isGlobal":0,"name":"unicornSlimeRoll"}