{"__type__":"dragonBones.DragonBonesAsset","_name":"unicornSlimeRoll","_dragonBonesJson":"{\"frameRate\":24,\"version\":\"4.0\",\"isGlobal\":0,\"name\":\"unicornSlimeRoll\",\"armature\":[{\"frameRate\":24,\"defaultActions\":[{\"gotoAndPlay\":\"newAnimation\"}],\"animation\":[{\"playTimes\":0,\"duration\":0,\"frame\":[],\"slot\":[],\"ffd\":[],\"name\":\"newAnimation\",\"bone\":[{\"frame\":[{\"duration\":0,\"tweenEasing\":null,\"transform\":{}}],\"name\":\"root\"},{\"frame\":[{\"duration\":0,\"tweenEasing\":null,\"transform\":{}}],\"name\":\"slimer0\"},{\"frame\":[{\"duration\":0,\"tweenEasing\":null,\"transform\":{}}],\"name\":\"slimel0\"}]}],\"skin\":[{\"name\":\"\",\"slot\":[{\"display\":[{\"bonePose\":[0,1,0,0,1,0,0,2,-1,1.2246467991473532e-16,-1.2246467991473532e-16,-1,0,0,1,1,0,0,1,0,0],\"name\":\"motion1_slime\",\"slotPose\":[1,0,0,1,-1.4765966227514582e-14,9.83935155574045e-15],\"uvs\":[0.82554,0,0.50242,0.00176,0.2707,0.02255,0.07809,0.10647,0.0109,0.31451,0.0109,0.49275,0.03075,0.76235,0.10412,0.84157,0.17809,0.89039,0.27978,0.96078,0.39843,0.98431,0.51259,0.98333,0.70993,0.92706,0.86586,0.85,0.97179,0.69824,0.99467,0.4898,0.96973,0.27098,0.92615,0.07588],\"type\":\"mesh\",\"userEdges\":[],\"width\":413,\"height\":255,\"transform\":{},\"vertices\":[134.45,-127.5,1,-127.05,-94.7,-121.75,-174.25,-100.35,-202,-47.3,-202,-1.85,-193.8,66.9,-163.5,87.1,-132.95,99.55,-90.95,117.5,-41.95,123.5,5.2,123.25,86.7,108.9,151.1,89.25,194.85,50.55,204.3,-2.6,194,-58.4,176,-108.15],\"weights\":[2,1,0.6900000000000001,0,0.31,1,0,1,2,0,0.38,2,0.62,1,2,1,1,2,1,1,2,1,1,2,1,2,0,0.17,2,0.8300000000000001,2,0,0.26,2,0.74,2,0,0.38,2,0.62,2,0,0.47000000000000003,2,0.53,1,0,1,2,0,0.38,1,0.62,2,1,0.8,0,0.2,1,1,1,1,1,1,1,1,1,1,1,1],\"edges\":[0,1,1,2,2,3,3,4,4,5,5,6,6,7,7,8,8,9,9,10,10,11,11,12,12,13,13,14,14,15,15,16,16,17,17,0],\"triangles\":[12,13,16,13,14,15,16,13,15,1,12,0,0,12,16,17,0,16,1,11,12,2,10,1,1,10,11,5,8,2,2,8,9,2,9,10,5,7,8,3,4,2,4,5,2,5,6,7]}],\"name\":\"motion1_slime\"},{\"display\":[{\"bonePose\":[0,1,0,0,1,0,0,2,-1,1.2246467991473532e-16,-1.2246467991473532e-16,-1,0,0,1,1,0,0,1,0,0],\"name\":\"motion2_slime_blue\",\"slotPose\":[0.508806161745828,0,0,1,0,-2.53],\"uvs\":[0.9199,0.00208,0.83434,0,0.76425,0.0581,0.67099,0.14236,0.55822,0.19144,0.51746,0.19144,0.42606,0.18426,0.22189,0.03704,0.09743,0.07222,0.02548,0.26852,0,0.47894,0,0.64722,0.043,0.81551,0.18883,0.97639,0.2568,0.92731,0.41245,0.89259,0.5,0.87824,0.55822,0.87824,0.80712,0.89931,0.88498,0.94167,0.97638,0.95579,0.99994,0.65417,0.96065,0.23333],\"type\":\"mesh\",\"userEdges\":[],\"width\":779,\"height\":216,\"transform\":{\"y\":-2.53,\"scX\":0.5088},\"vertices\":[327.1,-107.55,260.45,-108,205.85,-95.45,133.2,-77.25,45.35,-66.65,13.6,-66.65,-57.6,-68.2,-216.65,-100,-313.6,-92.4,-369.65,-50,-389.5,-4.55,-389.5,31.8,-356,68.15,-242.4,102.9,-189.45,92.3,-68.2,84.8,0,81.7,45.35,81.7,239.25,86.25,299.9,95.4,371.1,98.45,389.45,33.3,358.85,-57.6],\"weights\":[2,0,0.23,1,0.77,2,0,0.29,1,0.71,2,0,0.31,1,0.6900000000000001,2,0,0.36,1,0.64,3,0,0.3214142709566129,1,0.3571714580867741,2,0.3214142709566129,3,0,0.33222535073539355,1,0.33554929852921284,2,0.33222535073539355,2,0,0.46,2,0.54,2,0,0.31,2,0.6900000000000001,2,0,0.2,2,0.8,2,0,0.06,2,0.9400000000000001,3,0,0.0015271238571098462,2,0.9969457522857803,1,0.0015271238571098462,1,2,1,2,0,0.09,2,0.91,2,0,0.27,2,0.73,2,0,0.31,2,0.6900000000000001,2,0,0.45,2,0.55,3,0,0.33333333333333337,1,0.33333333333333337,2,0.33333333333333337,3,0,0.32415488365272843,1,0.3516902326945431,2,0.32415488365272843,3,0,0.19553323853359644,1,0.6089335229328072,2,0.19553323853359644,2,0,0.21,1,0.79,1,1,1,1,1,1,2,0,0.08,1,0.92],\"edges\":[0,1,1,2,2,3,3,4,4,5,5,6,6,7,7,8,8,9,9,10,10,11,11,12,12,13,13,14,14,15,15,16,16,17,17,18,18,19,19,20,20,21,21,22,22,0],\"triangles\":[19,20,21,22,19,21,18,19,22,1,18,22,0,1,22,2,18,1,2,3,18,3,17,18,4,17,3,6,16,5,5,16,17,5,17,4,6,15,16,14,15,6,7,14,6,8,12,13,8,13,7,7,13,14,9,12,8,9,10,12,10,11,12]}],\"name\":\"motion3_slime\"},{\"display\":[{\"bonePose\":[0,1,0,0,1,0,0,2,-1,1.2246467991473532e-16,-1.2246467991473532e-16,-1,0,0,1,1,0,0,1,0,0],\"name\":\"motion4_slime_blue\",\"slotPose\":[0.6415094339622641,0,0,1,0,-1.5918324022862969],\"uvs\":[0.99993,0.37733,0.93287,0.21174,0.90218,0.00324,0.78788,-0.0002,0.64717,0.13198,0.58781,0.19939,0.48897,0.26073,0.40972,0.21174,0.37903,0.07672,0.35486,-0.0002,0.29993,-0.0002,0.28229,0.01538,0.11524,-0.0002,0.04049,-0.0002,0,0.16883,0.0053,0.50607,0.06023,0.89211,0.14819,0.99049,0.29993,0.97186,0.37025,0.93502,0.47141,0.89858,0.55711,0.86174,0.70443,0.79393,0.87591,0.65931,0.99993,0.60385],\"type\":\"mesh\",\"userEdges\":[],\"width\":689,\"height\":247,\"transform\":{\"y\":-1.5918,\"scX\":0.6415},\"vertices\":[344.45,-30.3,298.25,-71.2,277.1,-122.7,198.35,-123.55,101.4,-90.9,60.5,-74.25,-7.6,-59.1,-62.2,-71.2,-83.35,-104.55,-100,-123.55,-137.85,-123.55,-150,-119.7,-265.1,-123.55,-316.6,-123.55,-344.5,-81.8,-340.85,1.5,-303,96.85,-242.4,121.15,-137.85,116.55,-89.4,107.45,-19.7,98.45,39.35,89.35,140.85,72.6,259,39.35,344.45,25.65],\"weights\":[1,1,1,1,1,1,1,1,1,2,0,0.33,1,0.67,2,0,0.4,1,0.6,2,0,0.44,1,0.56,3,0,0.3326178540188006,2,0.33476429196239876,1,0.3326178540188006,2,0,0.42,2,0.58,2,0,0.44,2,0.56,2,0,0.43,2,0.5700000000000001,2,0,0.4,2,0.6,2,0,0.38,2,0.62,1,2,1,1,2,1,1,2,1,1,2,1,1,2,1,2,0,0.26,2,0.74,2,0,0.38,2,0.62,2,0,0.43,2,0.5700000000000001,3,0,0.3314524320392816,2,0.337095135921437,1,0.3314524320392816,2,0,0.47000000000000003,1,0.53,2,0,0.27,1,0.73,2,0,0.04,1,0.96,1,1,1],\"edges\":[0,1,1,2,2,3,3,4,4,5,5,6,6,7,7,8,8,9,9,10,10,11,11,12,12,13,13,14,14,15,15,16,16,17,17,18,18,19,19,20,20,21,21,22,22,23,23,24,24,0],\"triangles\":[23,24,0,1,23,0,2,3,1,3,23,1,3,4,23,4,22,23,4,5,22,5,21,22,6,21,5,6,20,21,7,19,20,7,20,6,18,19,7,8,11,7,11,18,7,15,17,11,12,15,11,11,17,18,9,10,8,10,11,8,15,16,17,13,14,12,14,15,12]}],\"name\":\"motion5_slime\"},{\"display\":[{\"bonePose\":[0,1,0,0,1,0,0,2,-1,1.2246467991473532e-16,-1.2246467991473532e-16,-1,0,0,1,1,0,0,1,0,0],\"name\":\"motion2_slime\",\"slotPose\":[0.6444805194805194,0,0,1,0,-12.25],\"uvs\":[0.99862,0.51962,0.92658,0.09979,0.85983,-0.00422,0.75699,0.03355,0.67975,0.17996,0.60536,0.23313,0.53594,0.25991,0.45634,0.26667,0.3561,0.2403,0.2661,0.15991,0.18146,0.11308,0.07854,0.17996,0.02707,0.29325,0.00138,0.42659,-0.00081,0.61329,0.01171,0.7597,0.05553,0.84641,0.10423,0.92026,0.16333,0.96645,0.21488,0.98692,0.28927,0.94008,0.35862,0.92026,0.40748,0.90675,0.45373,0.90021,0.5204,0.90675,0.61561,0.90675,0.79796,0.92026,0.88033,0.95359,0.97016,0.96013,1.00073,0.77342,0.99805,0.51625],\"type\":\"mesh\",\"userEdges\":[],\"width\":615,\"height\":237,\"transform\":{\"y\":-12.25,\"scX\":0.6445},\"vertices\":[306.65,4.65,262.35,-94.85,221.3,-119.5,158.05,-110.55,110.55,-75.85,64.8,-63.25,22.1,-56.9,-26.85,-55.3,-88.5,-61.55,-143.85,-80.6,-195.9,-91.7,-259.2,-75.85,-290.85,-49,-306.65,-17.4,-308,26.85,-300.3,61.55,-273.35,82.1,-243.4,99.6,-207.05,110.55,-175.35,115.4,-129.6,104.3,-86.95,99.6,-56.9,96.4,-28.45,94.85,12.55,96.4,71.1,96.4,183.25,99.6,233.9,107.5,289.15,109.05,307.95,64.8,306.3,3.85],\"weights\":[3,0,0.0038181100898613657,1,0.9923637798202775,2,0.0038181100898613657,2,0,0.21,1,0.79,2,0,0.31,1,0.6900000000000001,2,0,0.36,1,0.64,2,0,0.37,1,0.63,2,0,0.42,1,0.58,1,0,1,2,0,0.49,2,0.51,2,0,0.38,2,0.62,2,0,0.33,2,0.67,2,0,0.28,2,0.72,2,0,0.17,2,0.8300000000000001,2,0,0.08,2,0.92,3,0,0.021243458862780753,2,0.9575130822744385,1,0.021243458862780753,3,0,0.005625934858358254,2,0.9887481302832833,1,0.005625934858358254,2,0,0.05,2,0.9500000000000001,2,0,0.12,2,0.88,2,0,0.19,2,0.81,2,0,0.26,2,0.74,2,0,0.31,2,0.6900000000000001,2,0,0.35000000000000003,2,0.65,2,0,0.41000000000000003,2,0.59,2,0,0.45,2,0.55,2,0,0.49,2,0.51,1,0,1,2,0,0.43,1,0.5700000000000001,2,0,0.25,1,0.75,2,0,0.21,1,0.79,2,0,0.17,1,0.8300000000000001,2,0,0.06,1,0.9400000000000001,3,0,0.004039997924817296,1,0.9919200041503655,2,0.004039997924817296],\"edges\":[1,2,2,3,3,4,4,5,5,6,6,7,7,8,8,9,9,10,10,11,11,