{"__type__":"cc.AnimationClip","_name":"ball1","_duration":4,"sample":30,"wrapMode":2,"curveData":{"props":{"position":[{"frame":0,"value":[-26.030000686645508,277.8630065917969,0]},{"frame":2,"value":[-26.030000686645508,250,0]},{"frame":4,"value":[-26.030000686645508,280,0]}]}}}